warehouse_inventory_level,handling_equipment_availability,order_fulfillment_status,weather_condition_severity,shipping_costs,supplier_reliability_score,lead_time_days,historical_demand,cargo_condition_status,route_risk_level,customs_clearance_time,disruption_likelihood_score,delay_probability,risk_classification,delivery_time_deviation,product_id,supplier_id,supplier_country
985.7168615,0.481293674,0.761166168,0.35906606,456.503853,0.986064284,2.128008822,100.7728538,0.777263471,1.182115989,0.502006422,0.50615189,0.885291204,Moderate Risk,9.110681821,P0353,P0353_S1,Greece
985.7168615,0.481293674,0.761166168,0.35906606,456.503853,0.986064284,2.128008822,100.7728538,0.777263471,1.182115989,0.502006422,0.50615189,0.885291204,Moderate Risk,9.110681821,P0353,P0353_S2,South Korea
985.7168615,0.481293674,0.761166168,0.35906606,456.503853,0.986064284,2.128008822,100.7728538,0.777263471,1.182115989,0.502006422,0.50615189,0.885291204,Moderate Risk,9.110681821,P0353,P0353_S3,Ethiopia
396.7002058,0.620780411,0.196594033,0.230659537,640.4082054,0.463232992,12.60816573,5313.738114,0.091838617,9.611988304,0.96677403,0.980783983,0.544177647,High Risk,8.17528094,P0857,P0857_S1,Iran
396.7002058,0.620780411,0.196594033,0.230659537,640.4082054,0.463232992,12.60816573,5313.738114,0.091838617,9.611988304,0.96677403,0.980783983,0.544177647,High Risk,8.17528094,P0857,P0857_S2,Guatemala
396.7002058,0.620780411,0.196594033,0.230659537,640.4082054,0.463232992,12.60816573,5313.738114,0.091838617,9.611988304,0.96677403,0.980783983,0.544177647,High Risk,8.17528094,P0857,P0857_S3,Greece
396.7002058,0.620780411,0.196594033,0.230659537,640.4082054,0.463232992,12.60816573,5313.738114,0.091838617,9.611988304,0.96677403,0.980783983,0.544177647,High Risk,8.17528094,P0857,P0857_S4,Nepal
832.4089349,0.810933424,0.152741519,0.027210098,155.7493136,0.59856055,14.1244516,1595.049146,0.25352944,6.570431288,0.945626528,0.998632696,0.803322029,High Risk,1.283593761,P0300,P0300_S1,Georgia
832.4089349,0.810933424,0.152741519,0.027210098,155.7493136,0.59856055,14.1244516,1595.049146,0.25352944,6.570431288,0.945626528,0.998632696,0.803322029,High Risk,1.283593761,P0300,P0300_S2,Kyrgyzstan
832.4089349,0.810933424,0.152741519,0.027210098,155.7493136,0.59856055,14.1244516,1595.049146,0.25352944,6.570431288,0.945626528,0.998632696,0.803322029,High Risk,1.283593761,P0300,P0300_S3,Slovakia
832.4089349,0.810933424,0.152741519,0.027210098,155.7493136,0.59856055,14.1244516,1595.049146,0.25352944,6.570431288,0.945626528,0.998632696,0.803322029,High Risk,1.283593761,P0300,P0300_S4,Ireland
832.4089349,0.810933424,0.152741519,0.027210098,155.7493136,0.59856055,14.1244516,1595.049146,0.25352944,6.570431288,0.945626528,0.998632696,0.803322029,High Risk,1.283593761,P0300,P0300_S5,Sweden
0.573283236,0.008525055,0.811885117,0.616619118,104.3179605,0.742734539,3.818972423,2530.431941,0.877576455,0.548952041,4.674035152,0.993320311,0.025977464,High Risk,9.304897171,P0975,P0975_S1,Turkey
0.573283236,0.008525055,0.811885117,0.616619118,104.3179605,0.742734539,3.818972423,2530.431941,0.877576455,0.548952041,4.674035152,0.993320311,0.025977464,High Risk,9.304897171,P0975,P0975_S2,Morocco
0.573283236,0.008525055,0.811885117,0.616619118,104.3179605,0.742734539,3.818972423,2530.431941,0.877576455,0.548952041,4.674035152,0.993320311,0.025977464,High Risk,9.304897171,P0975,P0975_S3,Qatar
0.573283236,0.008525055,0.811885117,0.616619118,104.3179605,0.742734539,3.818972423,2530.431941,0.877576455,0.548952041,4.674035152,0.993320311,0.025977464,High Risk,9.304897171,P0975,P0975_S4,USA
0.573283236,0.008525055,0.811885117,0.616619118,104.3179605,0.742734539,3.818972423,2530.431941,0.877576455,0.548952041,4.674035152,0.993320311,0.025977464,High Risk,9.304897171,P0975,P0975_S5,Romania
914.925067,0.020083428,0.053659432,0.952384588,977.2225276,0.431088309,14.00149111,2146.190197,0.262080873,8.861442874,3.445429027,0.91243276,0.991122067,High Risk,7.752483862,P0160,P0160_S1,South Korea
914.925067,0.020083428,0.053659432,0.952384588,977.2225276,0.431088309,14.00149111,2146.190197,0.262080873,8.861442874,3.445429027,0.91243276,0.991122067,High Risk,7.752483862,P0160,P0160_S2,Slovakia
914.925067,0.020083428,0.053659432,0.952384588,977.2225276,0.431088309,14.00149111,2146.190197,0.262080873,8.861442874,3.445429027,0.91243276,0.991122067,High Risk,7.752483862,P0160,P0160_S3,Algeria
822.5906491,0.06207391,0.397323349,0.701698885,103.8250019,0.934843772,1.88631576,3587.988449,0.041377887,9.492603161,2.163846464,0.83828717,0.982023475,High Risk,-1.630306541,P0116,P0116_S1,Netherlands
822.5906491,0.06207391,0.397323349,0.701698885,103.8250019,0.934843772,1.88631576,3587.988449,0.041377887,9.492603161,2.163846464,0.83828717,0.982023475,High Risk,-1.630306541,P0116,P0116_S2,Oman
822.5906491,0.06207391,0.397323349,0.701698885,103.8250019,0.934843772,1.88631576,3587.988449,0.041377887,9.492603161,2.163846464,0.83828717,0.982023475,High Risk,-1.630306541,P0116,P0116_S3,Spain
822.5906491,0.06207391,0.397323349,0.701698885,103.8250019,0.934843772,1.88631576,3587.988449,0.041377887,9.492603161,2.163846464,0.83828717,0.982023475,High Risk,-1.630306541,P0116,P0116_S4,Iraq
6.048353516,0.333237075,0.002689008,0.357689132,296.6356703,0.595347293,1.153419673,9356.078574,0.243348145,9.870429787,4.159664609,0.999356931,0.061456799,High Risk,5.135373919,P0836,P0836_S1,Italy
6.048353516,0.333237075,0.002689008,0.357689132,296.6356703,0.595347293,1.153419673,9356.078574,0.243348145,9.870429787,4.159664609,0.999356931,0.061456799,High Risk,5.135373919,P0836,P0836_S2,Bangladesh
6.048353516,0.333237075,0.002689008,0.357689132,296.6356703,0.595347293,1.153419673,9356.078574,0.243348145,9.870429787,4.159664609,0.999356931,0.061456799,High Risk,5.135373919,P0836,P0836_S3,Israel
6.048353516,0.333237075,0.002689008,0.357689132,296.6356703,0.595347293,1.153419673,9356.078574,0.243348145,9.870429787,4.159664609,0.999356931,0.061456799,High Risk,5.135373919,P0836,P0836_S4,Portugal
256.2932081,0.021811956,0.240859266,0.608199784,674.8135484,0.793895089,1.003970172,7689.081301,0.34449623,2.954216314,1.456897804,0.514000643,0.979537535,Moderate Risk,7.432757901,P0005,P0005_S1,Georgia
256.2932081,0.021811956,0.240859266,0.608199784,674.8135484,0.793895089,1.003970172,7689.081301,0.34449623,2.954216314,1.456897804,0.514000643,0.979537535,Moderate Risk,7.432757901,P0005,P0005_S2,Portugal
256.2932081,0.021811956,0.240859266,0.608199784,674.8135484,0.793895089,1.003970172,7689.081301,0.34449623,2.954216314,1.456897804,0.514000643,0.979537535,Moderate Risk,7.432757901,P0005,P0005_S3,Laos
109.8168679,0.049303923,0.183048015,0.867999883,484.4559935,0.242227756,5.818007518,9943.224513,0.914129299,7.158867746,2.169862739,0.321266532,0.223532662,Moderate Risk,1.323351023,P0840,P0840_S1,Colombia
109.8168679,0.049303923,0.183048015,0.867999883,484.4559935,0.242227756,5.818007518,9943.224513,0.914129299,7.158867746,2.169862739,0.321266532,0.223532662,Moderate Risk,1.323351023,P0840,P0840_S2,Finland
109.8168679,0.049303923,0.183048015,0.867999883,484.4559935,0.242227756,5.818007518,9943.224513,0.914129299,7.158867746,2.169862739,0.321266532,0.223532662,Moderate Risk,1.323351023,P0840,P0840_S3,Indonesia
109.8168679,0.049303923,0.183048015,0.867999883,484.4559935,0.242227756,5.818007518,9943.224513,0.914129299,7.158867746,2.169862739,0.321266532,0.223532662,Moderate Risk,1.323351023,P0840,P0840_S4,Norway
0.032109926,0.069872531,0.744814069,0.802685976,100.881247,0.999106946,11.60762367,9580.569025,0.03244357,3.587066777,3.751473219,0.996365474,0.233777644,High Risk,0.739935447,P0791,P0791_S1,Colombia
0.032109926,0.069872531,0.744814069,0.802685976,100.881247,0.999106946,11.60762367,9580.569025,0.03244357,3.587066777,3.751473219,0.996365474,0.233777644,High Risk,0.739935447,P0791,P0791_S2,India
0.032109926,0.069872531,0.744814069,0.802685976,100.881247,0.999106946,11.60762367,9580.569025,0.03244357,3.587066777,3.751473219,0.996365474,0.233777644,High Risk,0.739935447,P0791,P0791_S3,Sri Lanka
146.1290872,0.343390372,0.989637736,0.007115722,546.9087163,0.645342346,7.622528765,9974.318475,0.002587328,1.472211821,0.508619686,0.96296976,0.999999121,High Risk,6.389036515,P0981,P0981_S1,Fiji
146.1290872,0.343390372,0.989637736,0.007115722,546.9087163,0.645342346,7.622528765,9974.318475,0.002587328,1.472211821,0.508619686,0.96296976,0.999999121,High Risk,6.389036515,P0981,P0981_S2,Bosnia and Herzegovina
146.1290872,0.343390372,0.989637736,0.007115722,546.9087163,0.645342346,7.622528765,9974.318475,0.002587328,1.472211821,0.508619686,0.96296976,0.999999121,High Risk,6.389036515,P0981,P0981_S3,Dominican Republic
130.4709974,0.000602896,0.867935473,0.763149352,935.7352606,0.191855736,11.14318083,9951.020592,0.1567627,9.999746615,0.715278915,0.992252688,0.520720431,High Risk,0.300675759,P0159,P0159_S1,Qatar
130.4709974,0.000602896,0.867935473,0.763149352,935.7352606,0.191855736,11.14318083,9951.020592,0.1567627,9.999746615,0.715278915,0.992252688,0.520720431,High Risk,0.300675759,P0159,P0159_S2,Laos
130.4709974,0.000602896,0.867935473,0.763149352,935.7352606,0.191855736,11.14318083,9951.020592,0.1567627,9.999746615,0.715278915,0.992252688,0.520720431,High Risk,0.300675759,P0159,P0159_S3,Oman
513.7453016,0.523023101,0.597352005,0.288550864,702.2088879,0.072897623,1.01489895,9344.95739,0.406688129,8.416565264,1.634058338,0.870200435,0.604883046,High Risk,9.992328992,P0700,P0700_S1,Serbia
513.7453016,0.523023101,0.597352005,0.288550864,702.2088879,0.072897623,1.01489895,9344.95739,0.406688129,8.416565264,1.634058338,0.870200435,0.604883046,High Risk,9.992328992,P0700,P0700_S2,Dominican Republic
443.6214866,0.005190607,0.838429463,0.001607579,219.3290109,0.207534448,1.526364566,8163.576431,2.57E-06,9.90750663,0.501596985,0.994860347,0.772312782,High Risk,9.490775722,P0247,P0247_S1,Morocco
443.6214866,0.005190607,0.838429463,0.001607579,219.3290109,0.207534448,1.526364566,8163.576431,2.57E-06,9.90750663,0.501596985,0.994860347,0.772312782,High Risk,9.490775722,P0247,P0247_S2,Georgia
443.6214866,0.005190607,0.838429463,0.001607579,219.3290109,0.207534448,1.526364566,8163.576431,2.57E-06,9.90750663,0.501596985,0.994860347,0.772312782,High Risk,9.490775722,P0247,P0247_S3,Guatemala
24.65183392,0.336014807,0.779954004,0.6949488,961.0781529,0.310475321,1.001239361,9978.215559,0.263342181,3.390478709,0.502566635,0.982630189,0.977960847,High Risk,7.926191099,P0030,P0030_S1,Pakistan
24.65183392,0.336014807,0.779954004,0.6949488,961.0781529,0.310475321,1.001239361,9978.215559,0.263342181,3.390478709,0.502566635,0.982630189,0.977960847,High Risk,7.926191099,P0030,P0030_S2,Panama
370.5375507,0.395823096,0.153994043,0.521328598,158.7257099,0.782277816,9.246204092,2943.441766,0.698204908,8.988752767,0.874239312,0.822465165,0.882028823,High Risk,9.201606213,P0956,P0956_S1,Ireland
370.5375507,0.395823096,0.153994043,0.521328598,158.7257099,0.782277816,9.246204092,2943.441766,0.698204908,8.988752767,0.874239312,0.822465165,0.882028823,High Risk,9.201606213,P0956,P0956_S2,Finland
370.5375507,0.395823096,0.153994043,0.521328598,158.7257099,0.782277816,9.246204092,2943.441766,0.698204908,8.988752767,0.874239312,0.822465165,0.882028823,High Risk,9.201606213,P0956,P0956_S3,Greece
370.5375507,0.395823096,0.153994043,0.521328598,158.7257099,0.782277816,9.246204092,2943.441766,0.698204908,8.988752767,0.874239312,0.822465165,0.882028823,High Risk,9.201606213,P0956,P0956_S4,Iraq
370.5375507,0.395823096,0.153994043,0.521328598,158.7257099,0.782277816,9.246204092,2943.441766,0.698204908,8.988752767,0.874239312,0.822465165,0.882028823,High Risk,9.201606213,P0956,P0956_S5,Dominican Republic
4.09902784,0.471894087,0.535235027,0.530490941,115.8285178,0.996004647,3.94543697,7224.727303,0.790922189,9.999335437,4.240464353,0.993118631,0.876672039,High Risk,9.861825353,P0596,P0596_S1,Nigeria
4.09902784,0.471894087,0.535235027,0.530490941,115.8285178,0.996004647,3.94543697,7224.727303,0.790922189,9.999335437,4.240464353,0.993118631,0.876672039,High Risk,9.861825353,P0596,P0596_S2,Slovakia
4.09902784,0.471894087,0.535235027,0.530490941,115.8285178,0.996004647,3.94543697,7224.727303,0.790922189,9.999335437,4.240464353,0.993118631,0.876672039,High Risk,9.861825353,P0596,P0596_S3,Saudi Arabia
55.21195441,0.286441629,0.845134104,0.052156971,113.3432813,0.01889121,4.408468697,448.4043582,0.135189441,4.986957496,3.2321842,0.989862188,0.997019821,High Risk,-1.239944372,P0154,P0154_S1,India
55.21195441,0.286441629,0.845134104,0.052156971,113.3432813,0.01889121,4.408468697,448.4043582,0.135189441,4.986957496,3.2321842,0.989862188,0.997019821,High Risk,-1.239944372,P0154,P0154_S2,Hungary
55.21195441,0.286441629,0.845134104,0.052156971,113.3432813,0.01889121,4.408468697,448.4043582,0.135189441,4.986957496,3.2321842,0.989862188,0.997019821,High Risk,-1.239944372,P0154,P0154_S3,Mexico
18.92257069,0.224241396,0.045558627,0.793032486,912.8600802,0.275834804,1.490909815,8751.79314,0.019594196,9.720374521,2.155054606,0.917916491,0.324166684,High Risk,-0.687970693,P0533,P0533_S1,Sri Lanka
18.92257069,0.224241396,0.045558627,0.793032486,912.8600802,0.275834804,1.490909815,8751.79314,0.019594196,9.720374521,2.155054606,0.917916491,0.324166684,High Risk,-0.687970693,P0533,P0533_S2,Austria
232.6773549,0.620308388,0.779765882,0.211111521,158.4075195,0.111463133,1.007831183,6721.774521,0.018689434,8.035103685,0.651116013,0.992198266,0.720062559,High Risk,8.111611256,P0540,P0540_S1,Sweden
232.6773549,0.620308388,0.779765882,0.211111521,158.4075195,0.111463133,1.007831183,6721.774521,0.018689434,8.035103685,0.651116013,0.992198266,0.720062559,High Risk,8.111611256,P0540,P0540_S2,Costa Rica
232.6773549,0.620308388,0.779765882,0.211111521,158.4075195,0.111463133,1.007831183,6721.774521,0.018689434,8.035103685,0.651116013,0.992198266,0.720062559,High Risk,8.111611256,P0540,P0540_S3,Switzerland
232.6773549,0.620308388,0.779765882,0.211111521,158.4075195,0.111463133,1.007831183,6721.774521,0.018689434,8.035103685,0.651116013,0.992198266,0.720062559,High Risk,8.111611256,P0540,P0540_S4,Malaysia
232.6773549,0.620308388,0.779765882,0.211111521,158.4075195,0.111463133,1.007831183,6721.774521,0.018689434,8.035103685,0.651116013,0.992198266,0.720062559,High Risk,8.111611256,P0540,P0540_S5,Senegal
56.52038271,0.009437218,0.869616768,0.806323327,103.1934719,0.629599218,14.89772303,3654.160316,0.990055662,8.645449487,4.532008405,0.387674814,0.107616911,Moderate Risk,8.949880584,P0027,P0027_S1,Haiti
56.52038271,0.009437218,0.869616768,0.806323327,103.1934719,0.629599218,14.89772303,3654.160316,0.990055662,8.645449487,4.532008405,0.387674814,0.107616911,Moderate Risk,8.949880584,P0027,P0027_S2,Egypt
56.52038271,0.009437218,0.869616768,0.806323327,103.1934719,0.629599218,14.89772303,3654.160316,0.990055662,8.645449487,4.532008405,0.387674814,0.107616911,Moderate Risk,8.949880584,P0027,P0027_S3,Cuba
455.2178084,0.040017823,0.739171199,0.598795257,285.1724862,0.277474255,8.106891632,6716.885998,0.015895491,4.865510183,3.142306025,0.999999999,0.356868363,High Risk,0.901131192,P0530,P0530_S1,Portugal
455.2178084,0.040017823,0.739171199,0.598795257,285.1724862,0.277474255,8.106891632,6716.885998,0.015895491,4.865510183,3.142306025,0.999999999,0.356868363,High Risk,0.901131192,P0530,P0530_S2,Panama
455.2178084,0.040017823,0.739171199,0.598795257,285.1724862,0.277474255,8.106891632,6716.885998,0.015895491,4.865510183,3.142306025,0.999999999,0.356868363,High Risk,0.901131192,P0530,P0530_S3,Turkey
343.0445545,0.013476559,0.945106213,0.061629402,186.1480333,0.063648256,1.0082829,687.2435773,0.007150836,5.157934249,3.994554517,0.999961782,0.999807267,High Risk,8.760505449,P0672,P0672_S1,Guatemala
343.0445545,0.013476559,0.945106213,0.061629402,186.1480333,0.063648256,1.0082829,687.2435773,0.007150836,5.157934249,3.994554517,0.999961782,0.999807267,High Risk,8.760505449,P0672,P0672_S2,Ukraine
343.0445545,0.013476559,0.945106213,0.061629402,186.1480333,0.063648256,1.0082829,687.2435773,0.007150836,5.157934249,3.994554517,0.999961782,0.999807267,High Risk,8.760505449,P0672,P0672_S3,Denmark
117.8878169,0.433238703,0.998693886,0.799678482,207.1823049,0.961623908,4.126340064,9702.079105,0.009827834,9.228818074,2.743030344,0.573939678,0.945996557,Moderate Risk,8.515219729,P0218,P0218_S1,Argentina
117.8878169,0.433238703,0.998693886,0.799678482,207.1823049,0.961623908,4.126340064,9702.079105,0.009827834,9.228818074,2.743030344,0.573939678,0.945996557,Moderate Risk,8.515219729,P0218,P0218_S2,Oman
117.8878169,0.433238703,0.998693886,0.799678482,207.1823049,0.961623908,4.126340064,9702.079105,0.009827834,9.228818074,2.743030344,0.573939678,0.945996557,Moderate Risk,8.515219729,P0218,P0218_S3,Portugal
838.6855124,0.987784988,0.64208712,0.234501195,548.6602547,0.550072269,4.866494566,5052.610954,0.026304198,9.48664807,1.591359126,0.9996195,0.618584355,High Risk,-0.42523392,P0342,P0342_S1,Spain
838.6855124,0.987784988,0.64208712,0.234501195,548.6602547,0.550072269,4.866494566,5052.610954,0.026304198,9.48664807,1.591359126,0.9996195,0.618584355,High Risk,-0.42523392,P0342,P0342_S2,Kyrgyzstan
838.6855124,0.987784988,0.64208712,0.234501195,548.6602547,0.550072269,4.866494566,5052.610954,0.026304198,9.48664807,1.591359126,0.9996195,0.618584355,High Risk,-0.42523392,P0342,P0342_S3,Greece
61.65177964,0.263765718,0.999888551,0.975973669,664.2854128,0.36214209,14.93411198,5515.400744,5.36E-05,2.046978578,3.384155962,0.999986021,0.926330413,High Risk,9.998837537,P0294,P0294_S1,Myanmar
61.65177964,0.263765718,0.999888551,0.975973669,664.2854128,0.36214209,14.93411198,5515.400744,5.36E-05,2.046978578,3.384155962,0.999986021,0.926330413,High Risk,9.998837537,P0294,P0294_S2,Romania
61.65177964,0.263765718,0.999888551,0.975973669,664.2854128,0.36214209,14.93411198,5515.400744,5.36E-05,2.046978578,3.384155962,0.999986021,0.926330413,High Risk,9.998837537,P0294,P0294_S3,Ghana
61.65177964,0.263765718,0.999888551,0.975973669,664.2854128,0.36214209,14.93411198,5515.400744,5.36E-05,2.046978578,3.384155962,0.999986021,0.926330413,High Risk,9.998837537,P0294,P0294_S4,Jordan
61.65177964,0.263765718,0.999888551,0.975973669,664.2854128,0.36214209,14.93411198,5515.400744,5.36E-05,2.046978578,3.384155962,0.999986021,0.926330413,High Risk,9.998837537,P0294,P0294_S5,Paraguay
333.5999761,0.063573194,0.999288774,0.999931947,999.9824517,0.587828078,5.728717104,7227.105721,0.176554055,5.418797388,0.504834404,0.83111732,0.999782577,High Risk,-1.131495628,P0160,P0160_S1,South Korea
333.5999761,0.063573194,0.999288774,0.999931947,999.9824517,0.587828078,5.728717104,7227.105721,0.176554055,5.418797388,0.504834404,0.83111732,0.999782577,High Risk,-1.131495628,P0160,P0160_S2,Slovakia
333.5999761,0.063573194,0.999288774,0.999931947,999.9824517,0.587828078,5.728717104,7227.105721,0.176554055,5.418797388,0.504834404,0.83111732,0.999782577,High Risk,-1.131495628,P0160,P0160_S3,Algeria
61.45566749,0.001254455,0.206940149,0.81428808,319.5275456,0.943706144,1.004170236,9242.653781,0.175362063,9.997401437,3.510068657,0.999981018,0.99994551,High Risk,7.5453486,P0688,P0688_S1,Norway
61.45566749,0.001254455,0.206940149,0.81428808,319.5275456,0.943706144,1.004170236,9242.653781,0.175362063,9.997401437,3.510068657,0.999981018,0.99994551,High Risk,7.5453486,P0688,P0688_S2,Saudi Arabia
61.45566749,0.001254455,0.206940149,0.81428808,319.5275456,0.943706144,1.004170236,9242.653781,0.175362063,9.997401437,3.510068657,0.999981018,0.99994551,High Risk,7.5453486,P0688,P0688_S3,Hungary
61.45566749,0.001254455,0.206940149,0.81428808,319.5275456,0.943706144,1.004170236,9242.653781,0.175362063,9.997401437,3.510068657,0.999981018,0.99994551,High Risk,7.5453486,P0688,P0688_S4,Denmark
992.364393,4.19E-06,0.987475176,0.986917964,971.1405851,0.655744701,3.319695101,9995.47915,0.715700439,9.649943451,0.65577447,0.610687704,0.9928995,Moderate Risk,0.374549602,P0222,P0222_S1,Poland
992.364393,4.19E-06,0.987475176,0.986917964,971.1405851,0.655744701,3.319695101,9995.47915,0.715700439,9.649943451,0.65577447,0.610687704,0.9928995,Moderate Risk,0.374549602,P0222,P0222_S2,Georgia
20.53840978,0.182222401,0.304452148,0.58774229,667.9835874,0.142836861,2.045116182,150.1912492,0.566242745,8.833062607,0.587244818,0.994826786,0.920586365,High Risk,8.059740945,P0852,P0852_S1,China
20.53840978,0.182222401,0.304452148,0.58774229,667.9835874,0.142836861,2.045116182,150.1912492,0.566242745,8.833062607,0.587244818,0.994826786,0.920586365,High Risk,8.059740945,P0852,P0852_S2,Sweden
20.53840978,0.182222401,0.304452148,0.58774229,667.9835874,0.142836861,2.045116182,150.1912492,0.566242745,8.833062607,0.587244818,0.994826786,0.920586365,High Risk,8.059740945,P0852,P0852_S3,Netherlands
20.53840978,0.182222401,0.304452148,0.58774229,667.9835874,0.142836861,2.045116182,150.1912492,0.566242745,8.833062607,0.587244818,0.994826786,0.920586365,High Risk,8.059740945,P0852,P0852_S4,Vietnam
20.53840978,0.182222401,0.304452148,0.58774229,667.9835874,0.142836861,2.045116182,150.1912492,0.566242745,8.833062607,0.587244818,0.994826786,0.920586365,High Risk,8.059740945,P0852,P0852_S5,Papua New Guinea
349.3161458,0.072710382,0.968566447,0.206649854,287.7539232,0.133569044,14.46744705,8327.379344,0.087827761,2.511617571,0.880685376,0.999704661,0.538669906,High Risk,9.486007012,P0062,P0062_S1,Jamaica
349.3161458,0.072710382,0.968566447,0.206649854,287.7539232,0.133569044,14.46744705,8327.379344,0.087827761,2.511617571,0.880685376,0.999704661,0.538669906,High Risk,9.486007012,P0062,P0062_S2,Trinidad and Tobago
40.31292293,0.140120057,0.049209278,1.80E-05,180.9139166,0.990927603,13.6408673,1755.173875,0.010250342,9.151203297,0.762270597,0.055335309,0.832884211,Low Risk,6.64758754,P0517,P0517_S1,Jordan
40.31292293,0.140120057,0.049209278,1.80E-05,180.9139166,0.990927603,13.6408673,1755.173875,0.010250342,9.151203297,0.762270597,0.055335309,0.832884211,Low Risk,6.64758754,P0517,P0517_S2,France
375.8918748,0.265663746,0.980324457,0.096927506,346.8743471,0.004561301,2.679252877,9990.474337,1.23E-05,9.756094114,1.061575952,0.983495637,0.643533848,High Risk,8.467778064,P0404,P0404_S1,Fiji
375.8918748,0.265663746,0.980324457,0.096927506,346.8743471,0.004561301,2.679252877,9990.474337,1.23E-05,9.756094114,1.061575952,0.983495637,0.643533848,High Risk,8.467778064,P0404,P0404_S2,Trinidad and Tobago
375.8918748,0.265663746,0.980324457,0.096927506,346.8743471,0.004561301,2.679252877,9990.474337,1.23E-05,9.756094114,1.061575952,0.983495637,0.643533848,High Risk,8.467778064,P0404,P0404_S3,UK
375.8918748,0.265663746,0.980324457,0.096927506,346.8743471,0.004561301,2.679252877,9990.474337,1.23E-05,9.756094114,1.061575952,0.983495637,0.643533848,High Risk,8.467778064,P0404,P0404_S4,Ghana
22.76241235,0.600103437,0.96719404,0.78446969,154.650715,0.981910828,1.022456844,9945.148395,0.010097453,6.908288703,1.150647545,0.99864067,0.177607798,High Risk,1.20970388,P0642,P0642_S1,Iraq
22.76241235,0.600103437,0.96719404,0.78446969,154.650715,0.981910828,1.022456844,9945.148395,0.010097453,6.908288703,1.150647545,0.99864067,0.177607798,High Risk,1.20970388,P0642,P0642_S2,Canada
22.76241235,0.600103437,0.96719404,0.78446969,154.650715,0.981910828,1.022456844,9945.148395,0.010097453,6.908288703,1.150647545,0.99864067,0.177607798,High Risk,1.20970388,P0642,P0642_S3,South Korea
189.8668422,0.058733486,0.820867674,0.099809341,798.59849,0.915018448,4.463960219,9997.085454,0.025807624,9.800552623,3.733353025,0.999529357,0.831735193,High Risk,9.999586261,P0372,P0372_S1,Turkey
189.8668422,0.058733486,0.820867674,0.099809341,798.59849,0.915018448,4.463960219,9997.085454,0.025807624,9.800552623,3.733353025,0.999529357,0.831735193,High Risk,9.999586261,P0372,P0372_S2,Peru
189.8668422,0.058733486,0.820867674,0.099809341,798.59849,0.915018448,4.463960219,9997.085454,0.025807624,9.800552623,3.733353025,0.999529357,0.831735193,High Risk,9.999586261,P0372,P0372_S3,Iran
189.8668422,0.058733486,0.820867674,0.099809341,798.59849,0.915018448,4.463960219,9997.085454,0.025807624,9.800552623,3.733353025,0.999529357,0.831735193,High Risk,9.999586261,P0372,P0372_S4,Israel
189.8668422,0.058733486,0.820867674,0.099809341,798.59849,0.915018448,4.463960219,9997.085454,0.025807624,9.800552623,3.733353025,0.999529357,0.831735193,High Risk,9.999586261,P0372,P0372_S5,Saudi Arabia
967.0397208,0.029389703,0.296504711,0.15279855,582.1329011,0.995374219,8.54474738,9958.308686,0.4221264,6.508680278,0.83207342,0.690911298,0.193174385,Moderate Risk,7.247940276,P0544,P0544_S1,Thailand
967.0397208,0.029389703,0.296504711,0.15279855,582.1329011,0.995374219,8.54474738,9958.308686,0.4221264,6.508680278,0.83207342,0.690911298,0.193174385,Moderate Risk,7.247940276,P0544,P0544_S2,Cambodia
967.0397208,0.029389703,0.296504711,0.15279855,582.1329011,0.995374219,8.54474738,9958.308686,0.4221264,6.508680278,0.83207342,0.690911298,0.193174385,Moderate Risk,7.247940276,P0544,P0544_S3,Bosnia and Herzegovina
126.2277798,0.618931097,0.30566099,0.604374607,511.7126256,0.012088805,13.85133401,9692.764871,0.000579834,8.361834913,2.613491172,0.996493796,0.779514252,High Risk,8.627184043,P0914,P0914_S1,Trinidad and Tobago
126.2277798,0.618931097,0.30566099,0.604374607,511.7126256,0.012088805,13.85133401,9692.764871,0.000579834,8.361834913,2.613491172,0.996493796,0.779514252,High Risk,8.627184043,P0914,P0914_S2,Canada
981.7301256,0.031060419,0.618491453,0.602804635,754.5722322,0.70646331,1.00098871,3448.989165,0.000437772,9.60455982,3.009745586,0.999574952,0.80448301,High Risk,8.838363711,P0884,P0884_S1,Slovakia
981.7301256,0.031060419,0.618491453,0.602804635,754.5722322,0.70646331,1.00098871,3448.989165,0.000437772,9.60455982,3.009745586,0.999574952,0.80448301,High Risk,8.838363711,P0884,P0884_S2,Sri Lanka
981.7301256,0.031060419,0.618491453,0.602804635,754.5722322,0.70646331,1.00098871,3448.989165,0.000437772,9.60455982,3.009745586,0.999574952,0.80448301,High Risk,8.838363711,P0884,P0884_S3,New Zealand
981.7301256,0.031060419,0.618491453,0.602804635,754.5722322,0.70646331,1.00098871,3448.989165,0.000437772,9.60455982,3.009745586,0.999574952,0.80448301,High Risk,8.838363711,P0884,P0884_S4,Qatar
981.7301256,0.031060419,0.618491453,0.602804635,754.5722322,0.70646331,1.00098871,3448.989165,0.000437772,9.60455982,3.009745586,0.999574952,0.80448301,High Risk,8.838363711,P0884,P0884_S5,China
922.2099728,0.312251839,0.393148431,0.644655684,988.4205343,0.141261277,2.710618722,7749.768567,0.977154384,2.011103665,2.66168497,0.998965302,0.976278369,High Risk,-0.890620237,P0097,P0097_S1,Germany
922.2099728,0.312251839,0.393148431,0.644655684,988.4205343,0.141261277,2.710618722,7749.768567,0.977154384,2.011103665,2.66168497,0.998965302,0.976278369,High Risk,-0.890620237,P0097,P0097_S2,Portugal
5.692792986,2.14E-07,0.965896508,0.065449731,137.4105419,0.789734423,12.53382839,9068.74152,7.65E-05,8.651285674,0.941051419,0.995802474,0.959168199,High Risk,-1.128403825,P0125,P0125_S1,Uruguay
5.692792986,2.14E-07,0.965896508,0.065449731,137.4105419,0.789734423,12.53382839,9068.74152,7.65E-05,8.651285674,0.941051419,0.995802474,0.959168199,High Risk,-1.128403825,P0125,P0125_S2,Cambodia
993.6406053,0.782750767,0.911855947,0.160336216,100.2286054,0.220698321,1.16392036,9990.282542,0.000489424,0.3901149,0.764862339,0.990964997,0.770562828,High Risk,7.480515434,P0139,P0139_S1,Algeria
993.6406053,0.782750767,0.911855947,0.160336216,100.2286054,0.220698321,1.16392036,9990.282542,0.000489424,0.3901149,0.764862339,0.990964997,0.770562828,High Risk,7.480515434,P0139,P0139_S2,Egypt
993.6406053,0.782750767,0.911855947,0.160336216,100.2286054,0.220698321,1.16392036,9990.282542,0.000489424,0.3901149,0.764862339,0.990964997,0.770562828,High Risk,7.480515434,P0139,P0139_S3,Kyrgyzstan
993.6406053,0.782750767,0.911855947,0.160336216,100.2286054,0.220698321,1.16392036,9990.282542,0.000489424,0.3901149,0.764862339,0.990964997,0.770562828,High Risk,7.480515434,P0139,P0139_S4,Kenya
993.6406053,0.782750767,0.911855947,0.160336216,100.2286054,0.220698321,1.16392036,9990.282542,0.000489424,0.3901149,0.764862339,0.990964997,0.770562828,High Risk,7.480515434,P0139,P0139_S5,Serbia
0.252842983,0.374648702,0.555270371,0.000261563,510.3766586,0.072370436,12.08434299,9989.554063,0.55684261,9.035635197,0.704353753,0.997178647,0.998942774,High Risk,8.135624026,P0492,P0492_S1,Denmark
0.252842983,0.374648702,0.555270371,0.000261563,510.3766586,0.072370436,12.08434299,9989.554063,0.55684261,9.035635197,0.704353753,0.997178647,0.998942774,High Risk,8.135624026,P0492,P0492_S2,Fiji
0.252842983,0.374648702,0.555270371,0.000261563,510.3766586,0.072370436,12.08434299,9989.554063,0.55684261,9.035635197,0.704353753,0.997178647,0.998942774,High Risk,8.135624026,P0492,P0492_S3,Guatemala
617.1689385,0.018856849,0.012556459,0.969680064,846.310898,0.764094282,4.301511208,9997.77512,0.021071774,9.454782639,2.704028726,0.986346674,0.928103354,High Risk,9.876390331,P0363,P0363_S1,Portugal
617.1689385,0.018856849,0.012556459,0.969680064,846.310898,0.764094282,4.301511208,9997.77512,0.021071774,9.454782639,2.704028726,0.986346674,0.928103354,High Risk,9.876390331,P0363,P0363_S2,Colombia
198.8395176,0.004644477,0.768722246,0.85130286,837.5532107,0.214551029,2.026560204,2303.543631,0.127642775,9.999581955,4.419350274,0.99256919,0.945385059,High Risk,9.628098741,P0080,P0080_S1,India
198.8395176,0.004644477,0.768722246,0.85130286,837.5532107,0.214551029,2.026560204,2303.543631,0.127642775,9.999581955,4.419350274,0.99256919,0.945385059,High Risk,9.628098741,P0080,P0080_S2,Germany
104.000143,0.719783942,0.524948399,0.021209386,922.8252388,0.052983688,1.000014261,1639.734554,0.063314195,9.035462938,3.025987268,0.956267355,0.104348303,High Risk,0.37319539,P0589,P0589_S1,Netherlands
104.000143,0.719783942,0.524948399,0.021209386,922.8252388,0.052983688,1.000014261,1639.734554,0.063314195,9.035462938,3.025987268,0.956267355,0.104348303,High Risk,0.37319539,P0589,P0589_S2,Colombia
104.000143,0.719783942,0.524948399,0.021209386,922.8252388,0.052983688,1.000014261,1639.734554,0.063314195,9.035462938,3.025987268,0.956267355,0.104348303,High Risk,0.37319539,P0589,P0589_S3,Czech Republic
159.0393298,0.321261068,0.302252705,0.598148016,728.0676564,0.303209524,8.158068056,9845.484053,0.029082849,9.999999746,2.37231466,0.999999999,0.99987824,High Risk,9.327362483,P0866,P0866_S1,South Africa
159.0393298,0.321261068,0.302252705,0.598148016,728.0676564,0.303209524,8.158068056,9845.484053,0.029082849,9.999999746,2.37231466,0.999999999,0.99987824,High Risk,9.327362483,P0866,P0866_S2,Cuba
159.0393298,0.321261068,0.302252705,0.598148016,728.0676564,0.303209524,8.158068056,9845.484053,0.029082849,9.999999746,2.37231466,0.999999999,0.99987824,High Risk,9.327362483,P0866,P0866_S3,Ukraine
24.33192635,0.179873737,0.922897218,0.995941851,614.1934026,0.216575283,7.311228676,9803.982443,0.680613116,0.444060898,0.650184149,0.99882542,0.77021931,High Risk,7.606991432,P0634,P0634_S1,Kyrgyzstan
24.33192635,0.179873737,0.922897218,0.995941851,614.1934026,0.216575283,7.311228676,9803.982443,0.680613116,0.444060898,0.650184149,0.99882542,0.77021931,High Risk,7.606991432,P0634,P0634_S2,China
527.5026766,0.112618517,0.235340161,0.27301365,101.0735759,0.026794465,1.015304543,9648.76087,0.933563082,9.897623321,2.605326978,0.999999729,0.018010042,High Risk,6.177391812,P0567,P0567_S1,Philippines
527.5026766,0.112618517,0.235340161,0.27301365,101.0735759,0.026794465,1.015304543,9648.76087,0.933563082,9.897623321,2.605326978,0.999999729,0.018010042,High Risk,6.177391812,P0567,P0567_S2,Cuba
527.5026766,0.112618517,0.235340161,0.27301365,101.0735759,0.026794465,1.015304543,9648.76087,0.933563082,9.897623321,2.605326978,0.999999729,0.018010042,High Risk,6.177391812,P0567,P0567_S3,Bangladesh
527.5026766,0.112618517,0.235340161,0.27301365,101.0735759,0.026794465,1.015304543,9648.76087,0.933563082,9.897623321,2.605326978,0.999999729,0.018010042,High Risk,6.177391812,P0567,P0567_S4,Turkey
0.433206577,0.000375457,0.99091521,0.099774056,613.2938527,0.822266221,1.009870993,6479.445066,0.383249706,9.112012459,3.111287476,0.988298111,0.98888259,High Risk,9.929611292,P0021,P0021_S1,Mexico
0.433206577,0.000375457,0.99091521,0.099774056,613.2938527,0.822266221,1.009870993,6479.445066,0.383249706,9.112012459,3.111287476,0.988298111,0.98888259,High Risk,9.929611292,P0021,P0021_S2,Hungary
80.02953852,0.265628104,0.048376691,0.756889238,139.2124509,0.122339514,2.74365345,854.4570267,5.94E-06,2.706109866,0.948898855,0.324058226,0.999840791,Moderate Risk,9.427747071,P0545,P0545_S1,Bolivia
80.02953852,0.265628104,0.048376691,0.756889238,139.2124509,0.122339514,2.74365345,854.4570267,5.94E-06,2.706109866,0.948898855,0.324058226,0.999840791,Moderate Risk,9.427747071,P0545,P0545_S2,Cuba
80.02953852,0.265628104,0.048376691,0.756889238,139.2124509,0.122339514,2.74365345,854.4570267,5.94E-06,2.706109866,0.948898855,0.324058226,0.999840791,Moderate Risk,9.427747071,P0545,P0545_S3,Ecuador
80.02953852,0.265628104,0.048376691,0.756889238,139.2124509,0.122339514,2.74365345,854.4570267,5.94E-06,2.706109866,0.948898855,0.324058226,0.999840791,Moderate Risk,9.427747071,P0545,P0545_S4,Pakistan
80.02953852,0.265628104,0.048376691,0.756889238,139.2124509,0.122339514,2.74365345,854.4570267,5.94E-06,2.706109866,0.948898855,0.324058226,0.999840791,Moderate Risk,9.427747071,P0545,P0545_S5,Georgia
0.00020623,0.891878694,0.51184689,0.02022915,118.9623282,0.19176484,2.061149247,9961.339585,0.215863483,9.993947135,2.159101589,0.906281637,0.086015137,High Risk,9.016590368,P0193,P0193_S1,Trinidad and Tobago
0.00020623,0.891878694,0.51184689,0.02022915,118.9623282,0.19176484,2.061149247,9961.339585,0.215863483,9.993947135,2.159101589,0.906281637,0.086015137,High Risk,9.016590368,P0193,P0193_S2,Bosnia and Herzegovina
0.00020623,0.891878694,0.51184689,0.02022915,118.9623282,0.19176484,2.061149247,9961.339585,0.215863483,9.993947135,2.159101589,0.906281637,0.086015137,High Risk,9.016590368,P0193,P0193_S3,Pakistan
37.63152986,0.813739205,0.919334423,0.433751477,144.3464874,0.782998262,1.633470929,6120.829603,0.997185091,9.997093843,2.820182359,0.999999999,0.921400863,High Risk,-1.205276508,P0663,P0663_S1,Poland
37.63152986,0.813739205,0.919334423,0.433751477,144.3464874,0.782998262,1.633470929,6120.829603,0.997185091,9.997093843,2.820182359,0.999999999,0.921400863,High Risk,-1.205276508,P0663,P0663_S2,Kyrgyzstan
858.1710382,3.21E-06,0.999999772,0.637920942,870.3318109,0.867634841,3.361491558,9977.202879,0.78394732,9.648996586,3.257341942,0.998425988,0.178364247,High Risk,5.063827787,P0511,P0511_S1,Bosnia and Herzegovina
858.1710382,3.21E-06,0.999999772,0.637920942,870.3318109,0.867634841,3.361491558,9977.202879,0.78394732,9.648996586,3.257341942,0.998425988,0.178364247,High Risk,5.063827787,P0511,P0511_S2,China
858.1710382,3.21E-06,0.999999772,0.637920942,870.3318109,0.867634841,3.361491558,9977.202879,0.78394732,9.648996586,3.257341942,0.998425988,0.178364247,High Risk,5.063827787,P0511,P0511_S3,Bulgaria
858.1710382,3.21E-06,0.999999772,0.637920942,870.3318109,0.867634841,3.361491558,9977.202879,0.78394732,9.648996586,3.257341942,0.998425988,0.178364247,High Risk,5.063827787,P0511,P0511_S4,USA
98.44568619,0.746100554,0.612586274,0.926068761,100.7486107,0.000246866,1.005982891,6533.773452,0.884079087,9.593559876,2.257751773,1,0.767329225,High Risk,0.009750657,P0041,P0041_S1,New Zealand
98.44568619,0.746100554,0.612586274,0.926068761,100.7486107,0.000246866,1.005982891,6533.773452,0.884079087,9.593559876,2.257751773,1,0.767329225,High Risk,0.009750657,P0041,P0041_S2,Philippines
98.44568619,0.746100554,0.612586274,0.926068761,100.7486107,0.000246866,1.005982891,6533.773452,0.884079087,9.593559876,2.257751773,1,0.767329225,High Risk,0.009750657,P0041,P0041_S3,Spain
98.44568619,0.746100554,0.612586274,0.926068761,100.7486107,0.000246866,1.005982891,6533.773452,0.884079087,9.593559876,2.257751773,1,0.767329225,High Risk,0.009750657,P0041,P0041_S4,Paraguay
916.463273,0.019332437,0.204345181,0.725925333,986.0674665,0.999966239,10.04492156,8615.060773,0.001235947,9.999396988,0.566628473,0.99999885,0.997333776,High Risk,9.817550016,P0700,P0700_S1,Serbia
916.463273,0.019332437,0.204345181,0.725925333,986.0674665,0.999966239,10.04492156,8615.060773,0.001235947,9.999396988,0.566628473,0.99999885,0.997333776,High Risk,9.817550016,P0700,P0700_S2,Dominican Republic
8.277391871,0.242965992,0.868749483,0.551369897,259.241068,0.794780532,3.019663152,202.2281095,0.030732176,4.640361103,4.660530202,0.805997187,0.243969794,High Risk,0.734415911,P0998,P0998_S1,Peru
8.277391871,0.242965992,0.868749483,0.551369897,259.241068,0.794780532,3.019663152,202.2281095,0.030732176,4.640361103,4.660530202,0.805997187,0.243969794,High Risk,0.734415911,P0998,P0998_S2,Thailand
27.53167745,0.935828443,0.994047433,0.883665873,236.1811442,0.990578221,14.82279052,6238.064548,0.168504783,0.366193599,0.500573263,0.998807708,0.942310806,High Risk,8.46436569,P0783,P0783_S1,Morocco
27.53167745,0.935828443,0.994047433,0.883665873,236.1811442,0.990578221,14.82279052,6238.064548,0.168504783,0.366193599,0.500573263,0.998807708,0.942310806,High Risk,8.46436569,P0783,P0783_S2,Poland
823.5879329,0.038235516,0.217746241,0.085612057,822.1864893,0.409612621,1.497134024,7743.699119,0.698421012,9.998611145,2.623139879,0.954402195,0.889693556,High Risk,5.228472583,P0422,P0422_S1,Denmark
823.5879329,0.038235516,0.217746241,0.085612057,822.1864893,0.409612621,1.497134024,7743.699119,0.698421012,9.998611145,2.623139879,0.954402195,0.889693556,High Risk,5.228472583,P0422,P0422_S2,Philippines
46.29877663,0.024227565,0.897287184,0.074940487,565.1775407,0.029972792,9.40454429,8798.548082,0.405693122,7.118098157,0.521901936,0.104069307,0.884616302,Low Risk,-1.807175731,P0191,P0191_S1,Sri Lanka
46.29877663,0.024227565,0.897287184,0.074940487,565.1775407,0.029972792,9.40454429,8798.548082,0.405693122,7.118098157,0.521901936,0.104069307,0.884616302,Low Risk,-1.807175731,P0191,P0191_S2,Austria
0.174503693,0.36619061,0.942801038,0.995241949,946.9376731,0.008558015,13.30100936,8726.674225,0.001551325,1.012249955,1.336945049,0.975882322,0.912970174,High Risk,4.73036244,P0666,P0666_S1,China
0.174503693,0.36619061,0.942801038,0.995241949,946.9376731,0.008558015,13.30100936,8726.674225,0.001551325,1.012249955,1.336945049,0.975882322,0.912970174,High Risk,4.73036244,P0666,P0666_S2,South Africa
0.174503693,0.36619061,0.942801038,0.995241949,946.9376731,0.008558015,13.30100936,8726.674225,0.001551325,1.012249955,1.336945049,0.975882322,0.912970174,High Risk,4.73036244,P0666,P0666_S3,Thailand
0.174503693,0.36619061,0.942801038,0.995241949,946.9376731,0.008558015,13.30100936,8726.674225,0.001551325,1.012249955,1.336945049,0.975882322,0.912970174,High Risk,4.73036244,P0666,P0666_S4,Cambodia
0.174503693,0.36619061,0.942801038,0.995241949,946.9376731,0.008558015,13.30100936,8726.674225,0.001551325,1.012249955,1.336945049,0.975882322,0.912970174,High Risk,4.73036244,P0666,P0666_S5,Papua New Guinea
228.0700984,0.920942476,0.992736695,0.058226472,788.1397622,0.988785779,3.96865865,9079.020132,0.893744304,3.515704571,0.537070322,0.999582566,0.99384796,High Risk,9.606702789,P0364,P0364_S1,Hungary
228.0700984,0.920942476,0.992736695,0.058226472,788.1397622,0.988785779,3.96865865,9079.020132,0.893744304,3.515704571,0.537070322,0.999582566,0.99384796,High Risk,9.606702789,P0364,P0364_S2,Slovakia
228.0700984,0.920942476,0.992736695,0.058226472,788.1397622,0.988785779,3.96865865,9079.020132,0.893744304,3.515704571,0.537070322,0.999582566,0.99384796,High Risk,9.606702789,P0364,P0364_S3,Sri Lanka
0.293846721,0.421671761,0.398239298,0.303882891,260.0677379,0.000978445,1.003141,9495.811118,0.2834255,4.747639403,1.563726251,0.908386884,0.72461503,High Risk,8.911311391,P0524,P0524_S1,Czech Republic
0.293846721,0.421671761,0.398239298,0.303882891,260.0677379,0.000978445,1.003141,9495.811118,0.2834255,4.747639403,1.563726251,0.908386884,0.72461503,High Risk,8.911311391,P0524,P0524_S2,India
0.293846721,0.421671761,0.398239298,0.303882891,260.0677379,0.000978445,1.003141,9495.811118,0.2834255,4.747639403,1.563726251,0.908386884,0.72461503,High Risk,8.911311391,P0524,P0524_S3,Turkmenistan
0.293846721,0.421671761,0.398239298,0.303882891,260.0677379,0.000978445,1.003141,9495.811118,0.2834255,4.747639403,1.563726251,0.908386884,0.72461503,High Risk,8.911311391,P0524,P0524_S4,Dominican Republic
0.293846721,0.421671761,0.398239298,0.303882891,260.0677379,0.000978445,1.003141,9495.811118,0.2834255,4.747639403,1.563726251,0.908386884,0.72461503,High Risk,8.911311391,P0524,P0524_S5,Jordan
836.4949534,0.147128741,0.007081857,0.607400149,695.5006666,0.255059831,3.453714135,102.2089327,0.021665006,6.328277475,3.175522068,0.650036368,0.047611583,Moderate Risk,8.884997769,P0662,P0662_S1,Norway
836.4949534,0.147128741,0.007081857,0.607400149,695.5006666,0.255059831,3.453714135,102.2089327,0.021665006,6.328277475,3.175522068,0.650036368,0.047611583,Moderate Risk,8.884997769,P0662,P0662_S2,Morocco
836.4949534,0.147128741,0.007081857,0.607400149,695.5006666,0.255059831,3.453714135,102.2089327,0.021665006,6.328277475,3.175522068,0.650036368,0.047611583,Moderate Risk,8.884997769,P0662,P0662_S3,Myanmar
836.4949534,0.147128741,0.007081857,0.607400149,695.5006666,0.255059831,3.453714135,102.2089327,0.021665006,6.328277475,3.175522068,0.650036368,0.047611583,Moderate Risk,8.884997769,P0662,P0662_S4,Trinidad and Tobago
836.4949534,0.147128741,0.007081857,0.607400149,695.5006666,0.255059831,3.453714135,102.2089327,0.021665006,6.328277475,3.175522068,0.650036368,0.047611583,Moderate Risk,8.884997769,P0662,P0662_S5,UK
542.9748279,0.163759918,0.896633482,0.032823451,454.8008581,0.965001336,8.042688465,1854.454255,0.529922091,0.88444,0.560202893,0.474211283,0.989755066,Moderate Risk,9.856873513,P0581,P0581_S1,India
542.9748279,0.163759918,0.896633482,0.032823451,454.8008581,0.965001336,8.042688465,1854.454255,0.529922091,0.88444,0.560202893,0.474211283,0.989755066,Moderate Risk,9.856873513,P0581,P0581_S2,Switzerland
613.863784,0.172725074,0.032612115,0.967620346,271.0102723,0.564632678,1.244399474,1722.163735,8.69E-05,5.424795614,1.860868233,0.999951906,0.946238828,High Risk,7.630721923,P0294,P0294_S1,Myanmar
613.863784,0.172725074,0.032612115,0.967620346,271.0102723,0.564632678,1.244399474,1722.163735,8.69E-05,5.424795614,1.860868233,0.999951906,0.946238828,High Risk,7.630721923,P0294,P0294_S2,Romania
613.863784,0.172725074,0.032612115,0.967620346,271.0102723,0.564632678,1.244399474,1722.163735,8.69E-05,5.424795614,1.860868233,0.999951906,0.946238828,High Risk,7.630721923,P0294,P0294_S3,Ghana
613.863784,0.172725074,0.032612115,0.967620346,271.0102723,0.564632678,1.244399474,1722.163735,8.69E-05,5.424795614,1.860868233,0.999951906,0.946238828,High Risk,7.630721923,P0294,P0294_S4,Jordan
613.863784,0.172725074,0.032612115,0.967620346,271.0102723,0.564632678,1.244399474,1722.163735,8.69E-05,5.424795614,1.860868233,0.999951906,0.946238828,High Risk,7.630721923,P0294,P0294_S5,Paraguay
701.5840599,0.570463988,0.999974248,0.827819661,555.066045,0.056689604,3.287268826,9829.639751,0.640424009,9.999978379,2.228976355,0.985406297,0.941930396,High Risk,9.975769325,P0449,P0449_S1,Japan
701.5840599,0.570463988,0.999974248,0.827819661,555.066045,0.056689604,3.287268826,9829.639751,0.640424009,9.999978379,2.228976355,0.985406297,0.941930396,High Risk,9.975769325,P0449,P0449_S2,Bulgaria
701.5840599,0.570463988,0.999974248,0.827819661,555.066045,0.056689604,3.287268826,9829.639751,0.640424009,9.999978379,2.228976355,0.985406297,0.941930396,High Risk,9.975769325,P0449,P0449_S3,Panama
0.301085125,0.000913075,0.611358624,0.021303638,142.2079867,0.282515329,11.87256775,9441.152258,2.94E-05,3.875358976,0.705707697,0.818829108,0.033913128,High Risk,-0.691636811,P0231,P0231_S1,Ghana
0.301085125,0.000913075,0.611358624,0.021303638,142.2079867,0.282515329,11.87256775,9441.152258,2.94E-05,3.875358976,0.705707697,0.818829108,0.033913128,High Risk,-0.691636811,P0231,P0231_S2,Bosnia and Herzegovina
0.301085125,0.000913075,0.611358624,0.021303638,142.2079867,0.282515329,11.87256775,9441.152258,2.94E-05,3.875358976,0.705707697,0.818829108,0.033913128,High Risk,-0.691636811,P0231,P0231_S3,Guatemala
0.301085125,0.000913075,0.611358624,0.021303638,142.2079867,0.282515329,11.87256775,9441.152258,2.94E-05,3.875358976,0.705707697,0.818829108,0.033913128,High Risk,-0.691636811,P0231,P0231_S4,Bangladesh
0.301085125,0.000913075,0.611358624,0.021303638,142.2079867,0.282515329,11.87256775,9441.152258,2.94E-05,3.875358976,0.705707697,0.818829108,0.033913128,High Risk,-0.691636811,P0231,P0231_S5,Israel
25.07556171,0.000485355,0.049913271,0.582123134,100.0831624,0.998742786,1.080081468,753.4248854,0.011268968,9.90944371,2.494842949,0.99979765,0.737415316,High Risk,9.839350054,P0429,P0429_S1,Senegal
25.07556171,0.000485355,0.049913271,0.582123134,100.0831624,0.998742786,1.080081468,753.4248854,0.011268968,9.90944371,2.494842949,0.99979765,0.737415316,High Risk,9.839350054,P0429,P0429_S2,France
25.07556171,0.000485355,0.049913271,0.582123134,100.0831624,0.998742786,1.080081468,753.4248854,0.011268968,9.90944371,2.494842949,0.99979765,0.737415316,High Risk,9.839350054,P0429,P0429_S3,Nigeria
25.07556171,0.000485355,0.049913271,0.582123134,100.0831624,0.998742786,1.080081468,753.4248854,0.011268968,9.90944371,2.494842949,0.99979765,0.737415316,High Risk,9.839350054,P0429,P0429_S4,Oman
25.07556171,0.000485355,0.049913271,0.582123134,100.0831624,0.998742786,1.080081468,753.4248854,0.011268968,9.90944371,2.494842949,0.99979765,0.737415316,High Risk,9.839350054,P0429,P0429_S5,Czech Republic
3.280276897,2.31E-05,0.032693206,0.883213701,521.7839953,0.145404179,5.833710344,5667.855605,0.253628452,0.413525528,0.674241519,0.904879683,0.999999872,High Risk,0.690228811,P0620,P0620_S1,Bolivia
3.280276897,2.31E-05,0.032693206,0.883213701,521.7839953,0.145404179,5.833710344,5667.855605,0.253628452,0.413525528,0.674241519,0.904879683,0.999999872,High Risk,0.690228811,P0620,P0620_S2,Denmark
3.280276897,2.31E-05,0.032693206,0.883213701,521.7839953,0.145404179,5.833710344,5667.855605,0.253628452,0.413525528,0.674241519,0.904879683,0.999999872,High Risk,0.690228811,P0620,P0620_S3,Colombia
138.0598606,0.066586373,0.810864143,0.717047268,815.498946,0.364911585,1.215230033,4304.142979,0.340782346,9.984684262,0.502739533,0.655320507,0.989300162,Moderate Risk,-0.945540962,P0595,P0595_S1,Cuba
138.0598606,0.066586373,0.810864143,0.717047268,815.498946,0.364911585,1.215230033,4304.142979,0.340782346,9.984684262,0.502739533,0.655320507,0.989300162,Moderate Risk,-0.945540962,P0595,P0595_S2,Hungary
138.0598606,0.066586373,0.810864143,0.717047268,815.498946,0.364911585,1.215230033,4304.142979,0.340782346,9.984684262,0.502739533,0.655320507,0.989300162,Moderate Risk,-0.945540962,P0595,P0595_S3,Jamaica
0.027008383,0.47706486,0.712456261,0.681532221,690.9802476,0.384819674,1.401520572,8980.6681,0.22997925,9.515453022,4.508732601,0.999799079,0.352993248,High Risk,-0.534877659,P0608,P0608_S1,UK
0.027008383,0.47706486,0.712456261,0.681532221,690.9802476,0.384819674,1.401520572,8980.6681,0.22997925,9.515453022,4.508732601,0.999799079,0.352993248,High Risk,-0.534877659,P0608,P0608_S2,Algeria
0.027008383,0.47706486,0.712456261,0.681532221,690.9802476,0.384819674,1.401520572,8980.6681,0.22997925,9.515453022,4.508732601,0.999799079,0.352993248,High Risk,-0.534877659,P0608,P0608_S3,Turkmenistan
0.027008383,0.47706486,0.712456261,0.681532221,690.9802476,0.384819674,1.401520572,8980.6681,0.22997925,9.515453022,4.508732601,0.999799079,0.352993248,High Risk,-0.534877659,P0608,P0608_S4,Bolivia
155.7391524,0.099289843,0.950852358,0.002089859,602.9891049,0.067383778,14.17840963,9521.436208,0.524361842,9.752648211,0.589732277,0.999417749,0.885730257,High Risk,1.330657814,P0150,P0150_S1,Slovakia
155.7391524,0.099289843,0.950852358,0.002089859,602.9891049,0.067383778,14.17840963,9521.436208,0.524361842,9.752648211,0.589732277,0.999417749,0.885730257,High Risk,1.330657814,P0150,P0150_S2,Romania
155.7391524,0.099289843,0.950852358,0.002089859,602.9891049,0.067383778,14.17840963,9521.436208,0.524361842,9.752648211,0.589732277,0.999417749,0.885730257,High Risk,1.330657814,P0150,P0150_S3,Azerbaijan
155.7391524,0.099289843,0.950852358,0.002089859,602.9891049,0.067383778,14.17840963,9521.436208,0.524361842,9.752648211,0.589732277,0.999417749,0.885730257,High Risk,1.330657814,P0150,P0150_S4,Australia
995.6637743,0.360425614,0.610931112,0.880747703,178.7422194,0.920705233,2.615301931,203.0853611,0.000546885,9.893623536,1.453613182,0.949744187,0.823185991,High Risk,3.68701885,P0357,P0357_S1,Tunisia
995.6637743,0.360425614,0.610931112,0.880747703,178.7422194,0.920705233,2.615301931,203.0853611,0.000546885,9.893623536,1.453613182,0.949744187,0.823185991,High Risk,3.68701885,P0357,P0357_S2,Brazil
995.6637743,0.360425614,0.610931112,0.880747703,178.7422194,0.920705233,2.615301931,203.0853611,0.000546885,9.893623536,1.453613182,0.949744187,0.823185991,High Risk,3.68701885,P0357,P0357_S3,North Macedonia
814.7906926,0.005261332,0.944114106,0.01557985,108.7408691,0.089455838,1.091380941,9552.703044,0.051268857,1.443585651,0.502960521,0.966403474,0.997497652,High Risk,9.476338984,P0228,P0228_S1,Japan
814.7906926,0.005261332,0.944114106,0.01557985,108.7408691,0.089455838,1.091380941,9552.703044,0.051268857,1.443585651,0.502960521,0.966403474,0.997497652,High Risk,9.476338984,P0228,P0228_S2,Czech Republic
814.7906926,0.005261332,0.944114106,0.01557985,108.7408691,0.089455838,1.091380941,9552.703044,0.051268857,1.443585651,0.502960521,0.966403474,0.997497652,High Risk,9.476338984,P0228,P0228_S3,Denmark
144.381833,0.204620639,0.385720535,0.075991626,311.2609132,0.995788434,1.084370992,6948.621583,0.262778948,9.999949295,4.295571669,0.538851323,0.909476677,Moderate Risk,9.986201386,P0554,P0554_S1,Italy
144.381833,0.204620639,0.385720535,0.075991626,311.2609132,0.995788434,1.084370992,6948.621583,0.262778948,9.999949295,4.295571669,0.538851323,0.909476677,Moderate Risk,9.986201386,P0554,P0554_S2,Philippines
85.24845577,0.425891423,0.085986005,0.764954872,100.0055347,0.241005554,5.52895588,6058.127396,0.404232859,0.57128191,3.22633827,0.987421041,0.994620501,High Risk,8.703456774,P0205,P0205_S1,Tunisia
85.24845577,0.425891423,0.085986005,0.764954872,100.0055347,0.241005554,5.52895588,6058.127396,0.404232859,0.57128191,3.22633827,0.987421041,0.994620501,High Risk,8.703456774,P0205,P0205_S2,Brazil
85.24845577,0.425891423,0.085986005,0.764954872,100.0055347,0.241005554,5.52895588,6058.127396,0.404232859,0.57128191,3.22633827,0.987421041,0.994620501,High Risk,8.703456774,P0205,P0205_S3,Myanmar
86.09779436,0.037451575,0.064306426,0.503638307,111.1154105,0.600840955,1.011525549,5812.217659,0.085019092,8.990154183,2.160677813,0.998876394,0.119565831,High Risk,8.773074423,P0115,P0115_S1,Morocco
86.09779436,0.037451575,0.064306426,0.503638307,111.1154105,0.600840955,1.011525549,5812.217659,0.085019092,8.990154183,2.160677813,0.998876394,0.119565831,High Risk,8.773074423,P0115,P0115_S2,Kenya
86.09779436,0.037451575,0.064306426,0.503638307,111.1154105,0.600840955,1.011525549,5812.217659,0.085019092,8.990154183,2.160677813,0.998876394,0.119565831,High Risk,8.773074423,P0115,P0115_S3,Jordan
86.09779436,0.037451575,0.064306426,0.503638307,111.1154105,0.600840955,1.011525549,5812.217659,0.085019092,8.990154183,2.160677813,0.998876394,0.119565831,High Risk,8.773074423,P0115,P0115_S4,Laos
806.1723849,1.48E-05,0.639596893,0.002215581,126.3116419,0.37241465,8.311370574,9580.164625,0.383244285,5.660301578,4.025494262,0.074884956,0.582516067,Low Risk,-1.596898399,P0337,P0337_S1,Ecuador
806.1723849,1.48E-05,0.639596893,0.002215581,126.3116419,0.37241465,8.311370574,9580.164625,0.383244285,5.660301578,4.025494262,0.074884956,0.582516067,Low Risk,-1.596898399,P0337,P0337_S2,Guatemala
806.1723849,1.48E-05,0.639596893,0.002215581,126.3116419,0.37241465,8.311370574,9580.164625,0.383244285,5.660301578,4.025494262,0.074884956,0.582516067,Low Risk,-1.596898399,P0337,P0337_S3,Cuba
806.1723849,1.48E-05,0.639596893,0.002215581,126.3116419,0.37241465,8.311370574,9580.164625,0.383244285,5.660301578,4.025494262,0.074884956,0.582516067,Low Risk,-1.596898399,P0337,P0337_S4,Serbia
806.1723849,1.48E-05,0.639596893,0.002215581,126.3116419,0.37241465,8.311370574,9580.164625,0.383244285,5.660301578,4.025494262,0.074884956,0.582516067,Low Risk,-1.596898399,P0337,P0337_S5,Australia
243.8206875,0.971651992,0.99873702,0.309248437,418.9465223,0.527232879,8.882443564,1460.590741,0.109819734,8.887284728,3.347612191,0.315509588,0.040822903,Moderate Risk,-0.068518093,P0911,P0911_S1,Guatemala
243.8206875,0.971651992,0.99873702,0.309248437,418.9465223,0.527232879,8.882443564,1460.590741,0.109819734,8.887284728,3.347612191,0.315509588,0.040822903,Moderate Risk,-0.068518093,P0911,P0911_S2,Belgium
243.8206875,0.971651992,0.99873702,0.309248437,418.9465223,0.527232879,8.882443564,1460.590741,0.109819734,8.887284728,3.347612191,0.315509588,0.040822903,Moderate Risk,-0.068518093,P0911,P0911_S3,Myanmar
243.8206875,0.971651992,0.99873702,0.309248437,418.9465223,0.527232879,8.882443564,1460.590741,0.109819734,8.887284728,3.347612191,0.315509588,0.040822903,Moderate Risk,-0.068518093,P0911,P0911_S4,Senegal
316.0208321,0.015936447,0.991167025,0.999151104,383.3914631,0.795864911,7.856991361,8547.282511,0.00421471,6.609701629,2.552065922,0.968542024,0.954617883,High Risk,6.22692955,P0822,P0822_S1,Philippines
316.0208321,0.015936447,0.991167025,0.999151104,383.3914631,0.795864911,7.856991361,8547.282511,0.00421471,6.609701629,2.552065922,0.968542024,0.954617883,High Risk,6.22692955,P0822,P0822_S2,Ghana
316.0208321,0.015936447,0.991167025,0.999151104,383.3914631,0.795864911,7.856991361,8547.282511,0.00421471,6.609701629,2.552065922,0.968542024,0.954617883,High Risk,6.22692955,P0822,P0822_S3,Georgia
316.0208321,0.015936447,0.991167025,0.999151104,383.3914631,0.795864911,7.856991361,8547.282511,0.00421471,6.609701629,2.552065922,0.968542024,0.954617883,High Risk,6.22692955,P0822,P0822_S4,Trinidad and Tobago
0.011676361,0.815091634,0.90490091,0.999032974,798.0021832,0.818723391,3.72045052,584.4269804,0.111662629,4.916762685,3.692029678,0.998410684,0.683715443,High Risk,9.932733205,P0266,P0266_S1,China
0.011676361,0.815091634,0.90490091,0.999032974,798.0021832,0.818723391,3.72045052,584.4269804,0.111662629,4.916762685,3.692029678,0.998410684,0.683715443,High Risk,9.932733205,P0266,P0266_S2,Vietnam
0.011676361,0.815091634,0.90490091,0.999032974,798.0021832,0.818723391,3.72045052,584.4269804,0.111662629,4.916762685,3.692029678,0.998410684,0.683715443,High Risk,9.932733205,P0266,P0266_S3,Trinidad and Tobago
0.011676361,0.815091634,0.90490091,0.999032974,798.0021832,0.818723391,3.72045052,584.4269804,0.111662629,4.916762685,3.692029678,0.998410684,0.683715443,High Risk,9.932733205,P0266,P0266_S4,Tunisia
0.002858137,0.138693823,0.137410023,0.68683615,274.9601381,0.940664496,4.909869245,249.2951642,0.298817903,2.436464656,1.84242209,0.999877512,0.383572805,High Risk,1.455491993,P0790,P0790_S1,Bolivia
0.002858137,0.138693823,0.137410023,0.68683615,274.9601381,0.940664496,4.909869245,249.2951642,0.298817903,2.436464656,1.84242209,0.999877512,0.383572805,High Risk,1.455491993,P0790,P0790_S2,Finland
0.002858137,0.138693823,0.137410023,0.68683615,274.9601381,0.940664496,4.909869245,249.2951642,0.298817903,2.436464656,1.84242209,0.999877512,0.383572805,High Risk,1.455491993,P0790,P0790_S3,Slovakia
0.002858137,0.138693823,0.137410023,0.68683615,274.9601381,0.940664496,4.909869245,249.2951642,0.298817903,2.436464656,1.84242209,0.999877512,0.383572805,High Risk,1.455491993,P0790,P0790_S4,South Africa
0.016483775,0.000283587,0.992667128,0.018026933,148.2648908,0.010401845,8.555452133,298.0064224,0.288708021,9.001074994,0.594145874,0.235071041,0.982164113,Low Risk,9.894926426,P0796,P0796_S1,Singapore
0.016483775,0.000283587,0.992667128,0.018026933,148.2648908,0.010401845,8.555452133,298.0064224,0.288708021,9.001074994,0.594145874,0.235071041,0.982164113,Low Risk,9.894926426,P0796,P0796_S2,Jamaica
0.016483775,0.000283587,0.992667128,0.018026933,148.2648908,0.010401845,8.555452133,298.0064224,0.288708021,9.001074994,0.594145874,0.235071041,0.982164113,Low Risk,9.894926426,P0796,P0796_S3,Russia
271.5754135,0.04399791,0.065142487,0.880976924,167.5884043,0.931393871,1.263613686,9661.396292,0.577873632,9.841706685,4.527382288,0.973707571,0.917020588,High Risk,9.999968389,P0297,P0297_S1,Nepal
271.5754135,0.04399791,0.065142487,0.880976924,167.5884043,0.931393871,1.263613686,9661.396292,0.577873632,9.841706685,4.527382288,0.973707571,0.917020588,High Risk,9.999968389,P0297,P0297_S2,Germany
271.5754135,0.04399791,0.065142487,0.880976924,167.5884043,0.931393871,1.263613686,9661.396292,0.577873632,9.841706685,4.527382288,0.973707571,0.917020588,High Risk,9.999968389,P0297,P0297_S3,Qatar
271.5754135,0.04399791,0.065142487,0.880976924,167.5884043,0.931393871,1.263613686,9661.396292,0.577873632,9.841706685,4.527382288,0.973707571,0.917020588,High Risk,9.999968389,P0297,P0297_S4,Austria
271.5754135,0.04399791,0.065142487,0.880976924,167.5884043,0.931393871,1.263613686,9661.396292,0.577873632,9.841706685,4.527382288,0.973707571,0.917020588,High Risk,9.999968389,P0297,P0297_S5,Costa Rica
76.60406847,0.981196106,0.283169965,0.971889284,775.8300928,0.616780687,2.717052905,9998.132738,7.84E-09,5.290822043,4.993998063,0.992897631,0.598840899,High Risk,0.124117032,P0011,P0011_S1,China
76.60406847,0.981196106,0.283169965,0.971889284,775.8300928,0.616780687,2.717052905,9998.132738,7.84E-09,5.290822043,4.993998063,0.992897631,0.598840899,High Risk,0.124117032,P0011,P0011_S2,Oman
76.60406847,0.981196106,0.283169965,0.971889284,775.8300928,0.616780687,2.717052905,9998.132738,7.84E-09,5.290822043,4.993998063,0.992897631,0.598840899,High Risk,0.124117032,P0011,P0011_S3,Austria
76.60406847,0.981196106,0.283169965,0.971889284,775.8300928,0.616780687,2.717052905,9998.132738,7.84E-09,5.290822043,4.993998063,0.992897631,0.598840899,High Risk,0.124117032,P0011,P0011_S4,Pakistan
75.62206605,0.971017771,0.181040338,0.900340836,130.8917254,0.784903864,13.15386582,9805.141664,7.52E-06,5.386122716,1.739530701,0.045506086,0.504453666,Low Risk,1.002572211,P0105,P0105_S1,India
75.62206605,0.971017771,0.181040338,0.900340836,130.8917254,0.784903864,13.15386582,9805.141664,7.52E-06,5.386122716,1.739530701,0.045506086,0.504453666,Low Risk,1.002572211,P0105,P0105_S2,Trinidad and Tobago
75.62206605,0.971017771,0.181040338,0.900340836,130.8917254,0.784903864,13.15386582,9805.141664,7.52E-06,5.386122716,1.739530701,0.045506086,0.504453666,Low Risk,1.002572211,P0105,P0105_S3,Singapore
985.4302595,0.221511539,0.994209069,0.029796465,832.4499409,0.628392737,1.166972567,2006.84407,0.490702843,9.697625118,3.829224085,0.86841666,0.534439107,High Risk,9.96878589,P0195,P0195_S1,Oman
985.4302595,0.221511539,0.994209069,0.029796465,832.4499409,0.628392737,1.166972567,2006.84407,0.490702843,9.697625118,3.829224085,0.86841666,0.534439107,High Risk,9.96878589,P0195,P0195_S2,Kazakhstan
985.4302595,0.221511539,0.994209069,0.029796465,832.4499409,0.628392737,1.166972567,2006.84407,0.490702843,9.697625118,3.829224085,0.86841666,0.534439107,High Risk,9.96878589,P0195,P0195_S3,Dominican Republic
985.4302595,0.221511539,0.994209069,0.029796465,832.4499409,0.628392737,1.166972567,2006.84407,0.490702843,9.697625118,3.829224085,0.86841666,0.534439107,High Risk,9.96878589,P0195,P0195_S4,Czech Republic
413.0090721,0.003662844,0.937978517,0.278252164,550.1095898,0.059783046,1.111981218,682.4503177,0.529401565,7.385161957,3.913218702,0.440465887,0.42305058,Moderate Risk,8.803017468,P0569,P0569_S1,UAE
413.0090721,0.003662844,0.937978517,0.278252164,550.1095898,0.059783046,1.111981218,682.4503177,0.529401565,7.385161957,3.913218702,0.440465887,0.42305058,Moderate Risk,8.803017468,P0569,P0569_S2,Bulgaria
413.0090721,0.003662844,0.937978517,0.278252164,550.1095898,0.059783046,1.111981218,682.4503177,0.529401565,7.385161957,3.913218702,0.440465887,0.42305058,Moderate Risk,8.803017468,P0569,P0569_S3,Japan
685.7406733,0.03234694,0.999721898,0.434022751,626.1805068,0.891168256,1.00358984,4217.45174,0.200461021,9.994562658,1.110955206,0.999947284,0.831648954,High Risk,0.192432563,P0276,P0276_S1,USA
685.7406733,0.03234694,0.999721898,0.434022751,626.1805068,0.891168256,1.00358984,4217.45174,0.200461021,9.994562658,1.110955206,0.999947284,0.831648954,High Risk,0.192432563,P0276,P0276_S2,Bulgaria
3.703587352,0.004262652,0.93151448,0.570549963,160.5826711,0.933933771,1.00070738,9995.073131,1.72E-07,4.359062235,1.797041613,0.999261827,0.954859903,High Risk,6.819059236,P0363,P0363_S1,Portugal
3.703587352,0.004262652,0.93151448,0.570549963,160.5826711,0.933933771,1.00070738,9995.073131,1.72E-07,4.359062235,1.797041613,0.999261827,0.954859903,High Risk,6.819059236,P0363,P0363_S2,Colombia
2.176355772,0.019894859,0.862939174,0.691384537,304.1076716,0.95665062,2.824435373,9804.128556,0.002831488,9.658695504,3.959060615,0.035944657,0.99496956,Low Risk,9.848763659,P0188,P0188_S1,Romania
2.176355772,0.019894859,0.862939174,0.691384537,304.1076716,0.95665062,2.824435373,9804.128556,0.002831488,9.658695504,3.959060615,0.035944657,0.99496956,Low Risk,9.848763659,P0188,P0188_S2,China
24.96327193,0.044584629,0.683783368,0.928264953,433.1814731,0.064360989,2.027032699,437.503285,0.018506825,5.54348705,0.58813052,0.845770554,0.667609481,High Risk,9.564842626,P0711,P0711_S1,Senegal
24.96327193,0.044584629,0.683783368,0.928264953,433.1814731,0.064360989,2.027032699,437.503285,0.018506825,5.54348705,0.58813052,0.845770554,0.667609481,High Risk,9.564842626,P0711,P0711_S2,Germany
24.96327193,0.044584629,0.683783368,0.928264953,433.1814731,0.064360989,2.027032699,437.503285,0.018506825,5.54348705,0.58813052,0.845770554,0.667609481,High Risk,9.564842626,P0711,P0711_S3,Czech Republic
24.96327193,0.044584629,0.683783368,0.928264953,433.1814731,0.064360989,2.027032699,437.503285,0.018506825,5.54348705,0.58813052,0.845770554,0.667609481,High Risk,9.564842626,P0711,P0711_S4,Italy
24.96327193,0.044584629,0.683783368,0.928264953,433.1814731,0.064360989,2.027032699,437.503285,0.018506825,5.54348705,0.58813052,0.845770554,0.667609481,High Risk,9.564842626,P0711,P0711_S5,Russia
580.3572022,0.064109876,0.913997567,0.087440808,212.8971112,0.987496558,1.483610126,7426.24239,0.267885949,9.855152502,0.504604914,0.900251107,0.712628508,High Risk,1.579380452,P0391,P0391_S1,Paraguay
580.3572022,0.064109876,0.913997567,0.087440808,212.8971112,0.987496558,1.483610126,7426.24239,0.267885949,9.855152502,0.504604914,0.900251107,0.712628508,High Risk,1.579380452,P0391,P0391_S2,Bangladesh
580.3572022,0.064109876,0.913997567,0.087440808,212.8971112,0.987496558,1.483610126,7426.24239,0.267885949,9.855152502,0.504604914,0.900251107,0.712628508,High Risk,1.579380452,P0391,P0391_S3,Chile
580.3572022,0.064109876,0.913997567,0.087440808,212.8971112,0.987496558,1.483610126,7426.24239,0.267885949,9.855152502,0.504604914,0.900251107,0.712628508,High Risk,1.579380452,P0391,P0391_S4,Vietnam
580.3572022,0.064109876,0.913997567,0.087440808,212.8971112,0.987496558,1.483610126,7426.24239,0.267885949,9.855152502,0.504604914,0.900251107,0.712628508,High Risk,1.579380452,P0391,P0391_S5,Australia
51.99183217,0.062560012,0.019323686,0.999892067,404.3892349,0.997848656,1.001164725,8002.834655,0.567624465,0.860793665,1.803812224,0.999999999,0.989479982,High Risk,4.201914301,P0673,P0673_S1,Pakistan
51.99183217,0.062560012,0.019323686,0.999892067,404.3892349,0.997848656,1.001164725,8002.834655,0.567624465,0.860793665,1.803812224,0.999999999,0.989479982,High Risk,4.201914301,P0673,P0673_S2,Dominican Republic
926.7169034,0.719421145,0.211555459,0.557496871,494.9343276,0.986983468,1.638116692,6713.033727,0.133584049,3.612424219,1.592853144,0.406429977,0.999959022,Moderate Risk,0.309900623,P0553,P0553_S1,Indonesia
926.7169034,0.719421145,0.211555459,0.557496871,494.9343276,0.986983468,1.638116692,6713.033727,0.133584049,3.612424219,1.592853144,0.406429977,0.999959022,Moderate Risk,0.309900623,P0553,P0553_S2,Senegal
926.7169034,0.719421145,0.211555459,0.557496871,494.9343276,0.986983468,1.638116692,6713.033727,0.133584049,3.612424219,1.592853144,0.406429977,0.999959022,Moderate Risk,0.309900623,P0553,P0553_S3,Ghana
926.7169034,0.719421145,0.211555459,0.557496871,494.9343276,0.986983468,1.638116692,6713.033727,0.133584049,3.612424219,1.592853144,0.406429977,0.999959022,Moderate Risk,0.309900623,P0553,P0553_S4,Myanmar
926.7169034,0.719421145,0.211555459,0.557496871,494.9343276,0.986983468,1.638116692,6713.033727,0.133584049,3.612424219,1.592853144,0.406429977,0.999959022,Moderate Risk,0.309900623,P0553,P0553_S5,Malaysia
615.2597444,0.000511052,0.347744489,0.071019634,183.4151667,0.604466804,4.836040958,488.0736879,0.626395438,2.427861297,1.868967767,0.999999997,0.947476254,High Risk,2.590860561,P0161,P0161_S1,Philippines
615.2597444,0.000511052,0.347744489,0.071019634,183.4151667,0.604466804,4.836040958,488.0736879,0.626395438,2.427861297,1.868967767,0.999999997,0.947476254,High Risk,2.590860561,P0161,P0161_S2,Malaysia
615.2597444,0.000511052,0.347744489,0.071019634,183.4151667,0.604466804,4.836040958,488.0736879,0.626395438,2.427861297,1.868967767,0.999999997,0.947476254,High Risk,2.590860561,P0161,P0161_S3,Serbia
269.9691462,0.455657561,0.542319982,0.192330342,102.4620587,0.01495196,1.851099631,8414.164553,0.160174655,5.668509334,4.838681042,0.864871171,0.033423599,High Risk,4.130515931,P0230,P0230_S1,Algeria
269.9691462,0.455657561,0.542319982,0.192330342,102.4620587,0.01495196,1.851099631,8414.164553,0.160174655,5.668509334,4.838681042,0.864871171,0.033423599,High Risk,4.130515931,P0230,P0230_S2,South Africa
269.9691462,0.455657561,0.542319982,0.192330342,102.4620587,0.01495196,1.851099631,8414.164553,0.160174655,5.668509334,4.838681042,0.864871171,0.033423599,High Risk,4.130515931,P0230,P0230_S3,Bangladesh
269.9691462,0.455657561,0.542319982,0.192330342,102.4620587,0.01495196,1.851099631,8414.164553,0.160174655,5.668509334,4.838681042,0.864871171,0.033423599,High Risk,4.130515931,P0230,P0230_S4,Portugal
0.316195537,7.21E-05,0.858563501,0.553246872,582.4547636,0.751153713,7.937415329,9272.476069,0.889855216,9.963979974,1.415842625,0.999983836,0.009356449,High Risk,7.881321471,P0821,P0821_S1,Austria
0.316195537,7.21E-05,0.858563501,0.553246872,582.4547636,0.751153713,7.937415329,9272.476069,0.889855216,9.963979974,1.415842625,0.999983836,0.009356449,High Risk,7.881321471,P0821,P0821_S2,Japan
0.316195537,7.21E-05,0.858563501,0.553246872,582.4547636,0.751153713,7.937415329,9272.476069,0.889855216,9.963979974,1.415842625,0.999983836,0.009356449,High Risk,7.881321471,P0821,P0821_S3,Vietnam
105.0893418,8.43E-05,0.396215661,0.999941865,109.9973575,0.036603065,13.51853756,9998.355127,0.377244568,9.010142119,2.157009882,0.930563979,0.906029937,High Risk,1.683858268,P0651,P0651_S1,Kenya
105.0893418,8.43E-05,0.396215661,0.999941865,109.9973575,0.036603065,13.51853756,9998.355127,0.377244568,9.010142119,2.157009882,0.930563979,0.906029937,High Risk,1.683858268,P0651,P0651_S2,Bulgaria
105.0893418,8.43E-05,0.396215661,0.999941865,109.9973575,0.036603065,13.51853756,9998.355127,0.377244568,9.010142119,2.157009882,0.930563979,0.906029937,High Risk,1.683858268,P0651,P0651_S3,Egypt
105.0893418,8.43E-05,0.396215661,0.999941865,109.9973575,0.036603065,13.51853756,9998.355127,0.377244568,9.010142119,2.157009882,0.930563979,0.906029937,High Risk,1.683858268,P0651,P0651_S4,New Zealand
0.00954554,0.867963504,0.980438131,0.013188817,100.929641,0.852322757,14.99985449,2404.691525,0.005248138,0.542919169,0.914700788,0.734118816,0.034509427,High Risk,8.921108304,P0189,P0189_S1,Egypt
0.00954554,0.867963504,0.980438131,0.013188817,100.929641,0.852322757,14.99985449,2404.691525,0.005248138,0.542919169,0.914700788,0.734118816,0.034509427,High Risk,8.921108304,P0189,P0189_S2,Spain
0.00954554,0.867963504,0.980438131,0.013188817,100.929641,0.852322757,14.99985449,2404.691525,0.005248138,0.542919169,0.914700788,0.734118816,0.034509427,High Risk,8.921108304,P0189,P0189_S3,Mexico
0.00954554,0.867963504,0.980438131,0.013188817,100.929641,0.852322757,14.99985449,2404.691525,0.005248138,0.542919169,0.914700788,0.734118816,0.034509427,High Risk,8.921108304,P0189,P0189_S4,UAE
0.00954554,0.867963504,0.980438131,0.013188817,100.929641,0.852322757,14.99985449,2404.691525,0.005248138,0.542919169,0.914700788,0.734118816,0.034509427,High Risk,8.921108304,P0189,P0189_S5,Guatemala
608.3514072,0.836108848,0.999568153,0.196967799,834.87973,0.52868252,1.772163866,9999.991126,0.258208678,6.319646572,0.923914357,0.999999109,0.622981979,High Risk,8.557069021,P0135,P0135_S1,Ghana
608.3514072,0.836108848,0.999568153,0.196967799,834.87973,0.52868252,1.772163866,9999.991126,0.258208678,6.319646572,0.923914357,0.999999109,0.622981979,High Risk,8.557069021,P0135,P0135_S2,Ukraine
608.3514072,0.836108848,0.999568153,0.196967799,834.87973,0.52868252,1.772163866,9999.991126,0.258208678,6.319646572,0.923914357,0.999999109,0.622981979,High Risk,8.557069021,P0135,P0135_S3,Ecuador
608.3514072,0.836108848,0.999568153,0.196967799,834.87973,0.52868252,1.772163866,9999.991126,0.258208678,6.319646572,0.923914357,0.999999109,0.622981979,High Risk,8.557069021,P0135,P0135_S4,Brazil
608.3514072,0.836108848,0.999568153,0.196967799,834.87973,0.52868252,1.772163866,9999.991126,0.258208678,6.319646572,0.923914357,0.999999109,0.622981979,High Risk,8.557069021,P0135,P0135_S5,Cambodia
885.2056226,0.997785222,0.969555086,0.018705306,158.8541087,0.813425263,1.750226996,1385.308699,0.007174825,9.912695065,2.894715396,0.915542509,0.860618025,High Risk,6.821440409,P0279,P0279_S1,Japan
885.2056226,0.997785222,0.969555086,0.018705306,158.8541087,0.813425263,1.750226996,1385.308699,0.007174825,9.912695065,2.894715396,0.915542509,0.860618025,High Risk,6.821440409,P0279,P0279_S2,Australia
885.2056226,0.997785222,0.969555086,0.018705306,158.8541087,0.813425263,1.750226996,1385.308699,0.007174825,9.912695065,2.894715396,0.915542509,0.860618025,High Risk,6.821440409,P0279,P0279_S3,North Macedonia
885.2056226,0.997785222,0.969555086,0.018705306,158.8541087,0.813425263,1.750226996,1385.308699,0.007174825,9.912695065,2.894715396,0.915542509,0.860618025,High Risk,6.821440409,P0279,P0279_S4,Brazil
333.733866,0.00885594,0.310498775,0.88900321,104.3329911,0.741853491,14.01321335,9593.734932,0.980716529,0.672245322,3.186059172,0.999995872,0.587928776,High Risk,-1.234376188,P0641,P0641_S1,Switzerland
333.733866,0.00885594,0.310498775,0.88900321,104.3329911,0.741853491,14.01321335,9593.734932,0.980716529,0.672245322,3.186059172,0.999995872,0.587928776,High Risk,-1.234376188,P0641,P0641_S2,Guatemala
422.6972198,0.121920435,0.299209015,0.341580334,107.3505972,0.018557589,1.004209378,6736.108645,0.919790775,9.999880983,0.564556966,0.996929281,0.936598261,High Risk,5.153785543,P0926,P0926_S1,Sweden
422.6972198,0.121920435,0.299209015,0.341580334,107.3505972,0.018557589,1.004209378,6736.108645,0.919790775,9.999880983,0.564556966,0.996929281,0.936598261,High Risk,5.153785543,P0926,P0926_S2,Nigeria
422.6972198,0.121920435,0.299209015,0.341580334,107.3505972,0.018557589,1.004209378,6736.108645,0.919790775,9.999880983,0.564556966,0.996929281,0.936598261,High Risk,5.153785543,P0926,P0926_S3,Jordan
14.95205961,0.945371365,0.688396904,0.252330335,107.1712236,0.081352659,1.038791686,6053.463886,0.87857281,2.205902452,0.700055057,0.975041995,0.634316249,High Risk,4.942005871,P0568,P0568_S1,Kyrgyzstan
14.95205961,0.945371365,0.688396904,0.252330335,107.1712236,0.081352659,1.038791686,6053.463886,0.87857281,2.205902452,0.700055057,0.975041995,0.634316249,High Risk,4.942005871,P0568,P0568_S2,UAE
0.728179279,0.012473789,0.229700652,0.870125642,476.1620221,0.6952581,14.12921024,6746.82269,0.99674663,8.364359009,4.008348648,0.979340329,0.646091817,High Risk,8.245666806,P0286,P0286_S1,Sri Lanka
0.728179279,0.012473789,0.229700652,0.870125642,476.1620221,0.6952581,14.12921024,6746.82269,0.99674663,8.364359009,4.008348648,0.979340329,0.646091817,High Risk,8.245666806,P0286,P0286_S2,Germany
0.728179279,0.012473789,0.229700652,0.870125642,476.1620221,0.6952581,14.12921024,6746.82269,0.99674663,8.364359009,4.008348648,0.979340329,0.646091817,High Risk,8.245666806,P0286,P0286_S3,Sweden
0.067677096,0.090428904,0.015536714,0.299284631,624.8862973,0.987279274,1.007097809,9497.45573,0.450037842,8.782964998,3.840643285,0.077406036,4.57E-05,Low Risk,9.54751759,P0583,P0583_S1,Panama
0.067677096,0.090428904,0.015536714,0.299284631,624.8862973,0.987279274,1.007097809,9497.45573,0.450037842,8.782964998,3.840643285,0.077406036,4.57E-05,Low Risk,9.54751759,P0583,P0583_S2,Philippines
503.860502,0.821897269,0.555569916,0.732733925,477.1065402,0.611962057,1.042909599,283.1462376,0.114927473,3.386168767,4.746323418,0.999975335,0.990547531,High Risk,1.546788458,P0198,P0198_S1,Belgium
503.860502,0.821897269,0.555569916,0.732733925,477.1065402,0.611962057,1.042909599,283.1462376,0.114927473,3.386168767,4.746323418,0.999975335,0.990547531,High Risk,1.546788458,P0198,P0198_S2,Portugal
503.860502,0.821897269,0.555569916,0.732733925,477.1065402,0.611962057,1.042909599,283.1462376,0.114927473,3.386168767,4.746323418,0.999975335,0.990547531,High Risk,1.546788458,P0198,P0198_S3,Georgia
4.880077028,0.976867963,0.111311654,0.671436813,523.7544041,0.437241571,4.246602614,9451.505827,0.055866274,8.384862533,3.49368278,0.984717898,0.951450855,High Risk,9.957519504,P0254,P0254_S1,Thailand
4.880077028,0.976867963,0.111311654,0.671436813,523.7544041,0.437241571,4.246602614,9451.505827,0.055866274,8.384862533,3.49368278,0.984717898,0.951450855,High Risk,9.957519504,P0254,P0254_S2,Saudi Arabia
4.880077028,0.976867963,0.111311654,0.671436813,523.7544041,0.437241571,4.246602614,9451.505827,0.055866274,8.384862533,3.49368278,0.984717898,0.951450855,High Risk,9.957519504,P0254,P0254_S3,Haiti
4.880077028,0.976867963,0.111311654,0.671436813,523.7544041,0.437241571,4.246602614,9451.505827,0.055866274,8.384862533,3.49368278,0.984717898,0.951450855,High Risk,9.957519504,P0254,P0254_S4,Canada
4.880077028,0.976867963,0.111311654,0.671436813,523.7544041,0.437241571,4.246602614,9451.505827,0.055866274,8.384862533,3.49368278,0.984717898,0.951450855,High Risk,9.957519504,P0254,P0254_S5,Mexico
897.8418112,0.007573507,0.97414162,0.488071205,383.7904307,0.048547631,1.378639708,9278.939687,0.927410574,9.999564551,2.43581754,0.808846272,0.987839897,High Risk,-0.031033632,P0511,P0511_S1,Bosnia and Herzegovina
897.8418112,0.007573507,0.97414162,0.488071205,383.7904307,0.048547631,1.378639708,9278.939687,0.927410574,9.999564551,2.43581754,0.808846272,0.987839897,High Risk,-0.031033632,P0511,P0511_S2,China
897.8418112,0.007573507,0.97414162,0.488071205,383.7904307,0.048547631,1.378639708,9278.939687,0.927410574,9.999564551,2.43581754,0.808846272,0.987839897,High Risk,-0.031033632,P0511,P0511_S3,Bulgaria
897.8418112,0.007573507,0.97414162,0.488071205,383.7904307,0.048547631,1.378639708,9278.939687,0.927410574,9.999564551,2.43581754,0.808846272,0.987839897,High Risk,-0.031033632,P0511,P0511_S4,USA
0.032802141,0.007888875,0.916485758,0.698603776,443.6007308,0.200411858,10.14054796,5875.756752,0.746915362,1.196143563,0.508562971,0.515150983,0.013285978,Moderate Risk,0.87443139,P0103,P0103_S1,Sweden
0.032802141,0.007888875,0.916485758,0.698603776,443.6007308,0.200411858,10.14054796,5875.756752,0.746915362,1.196143563,0.508562971,0.515150983,0.013285978,Moderate Risk,0.87443139,P0103,P0103_S2,Netherlands
